COD_UNID;SE_PRISINT;categoria_viral;n_casos
6986609;012026;Influenza B;1
6986609;012026;Outro vírus respiratório;1
6986609;012026;SG não especificado;3
6986609;022026;COVID-19;1
6986609;022026;Outro vírus respiratório;1
6986609;022026;SG não especificado;3
6986609;032026;COVID-19;1
6986609;032026;Outro vírus respiratório;2
6986609;032026;SG não especificado;2
6986609;042026;COVID-19;1
6986609;042026;Influenza B;1
6986609;042026;Outro vírus respiratório;2
6986609;042026;SG não especificado;1
6986609;052026;Outro vírus respiratório;1
6986609;052026;SG não especificado;1
6986609;062026;COVID-19;2
6986609;062026;Influenza B;1
6986609;062026;Outro vírus respiratório;1
6986609;062026;SG não especificado;3
6986609;072026;COVID-19;1
6986609;072026;Influenza B;1
6986609;072026;Outro vírus respiratório;4
6986609;082026;COVID-19;1
6986609;082026;Influenza A;1
6986609;082026;Outro vírus respiratório;1
6986609;082026;SG não especificado;2
6986609;092026;COVID-19;1
6986609;092026;Influenza A;1
6986609;092026;Influenza B;1
6986609;092026;Outro vírus respiratório;1
6986609;092026;SG não especificado;3
6986609;102026;Influenza B;1
6986609;102026;Outro vírus respiratório;1
6986609;102026;SG não especificado;2
6986609;112026;Influenza B;2
6986609;112026;Outro vírus respiratório;2
6986609;122026;Outro vírus respiratório;2
6986609;122026;SG não especificado;3
6986609;132026;COVID-19;1
6986609;132026;Influenza B;2
6986609;132026;Outro vírus respiratório;1
6986609;132026;SG não especificado;3
6986609;142026;SG não especificado;3
6986609;152026;Influenza A;1
6986609;152026;Outro vírus respiratório;1
6986609;152026;SG não especificado;2
6986609;162026;Outro vírus respiratório;1
6986609;162026;SG não especificado;1
6986609;172026;Influenza A;2
6986609;172026;Influenza B;1
6986609;172026;Outro vírus respiratório;1
6986609;172026;SG não especificado;4
6986609;182026;Influenza A;2
6986609;182026;Influenza B;1
6986609;182026;Outro vírus respiratório;1
6986609;182026;SG não especificado;1
6986609;192026;Influenza A;1
6986609;192026;SG não especificado;3
6986609;202026;Influenza B;1
6986609;202026;SG não especificado;5
6986609;212026;Influenza B;1
6986609;212026;SG não especificado;3
6986609;222026;Influenza B;3
6986609;222026;SG não especificado;3
6986609;232026;Influenza A;1
6986609;232026;Outro vírus respiratório;1
6986609;232026;SG não especificado;1
6986609;242026;Influenza A;1
6986609;242026;Outro vírus respiratório;2
6986609;242026;SG não especificado;3
6986609;252026;Influenza A;1
6986609;252026;Influenza B;2
6986609;252026;Outro vírus respiratório;2
6986609;252026;SG não especificado;1
6986609;262026;Outro vírus respiratório;1
6986609;262026;SG não especificado;5
6986609;272026;SG não especificado;1
6986609;282026;Influenza A;1
6986609;282026;Outro vírus respiratório;2
6986609;282026;SG não especificado;2
6986609;292026;Influenza B;1
6986609;292026;Outro vírus respiratório;1
6986609;292026;SG não especificado;5
6986609;312026;Outro vírus respiratório;1
6986609;312026;SG não especificado;4
6986609;322026;Outro vírus respiratório;2
6986609;322026;SG não especificado;2
6986609;332026;Outro vírus respiratório;1
6986609;332026;SG não especificado;2
6986609;342026;Outro vírus respiratório;1
6986609;342026;SG não especificado;2
7023049;012026;COVID-19;1
7023049;012026;Influenza A;1
7023049;012026;Outro vírus respiratório;1
7023049;012026;SG não especificado;3
7023049;022026;COVID-19;1
7023049;022026;Outro vírus respiratório;2
7023049;022026;SG não especificado;3
7023049;032026;Influenza A;1
7023049;032026;SG não especificado;4
7023049;042026;COVID-19;1
7023049;042026;Outro vírus respiratório;1
7023049;042026;SG não especificado;4
7023049;052026;Influenza A;1
7023049;052026;Outro vírus respiratório;1
7023049;052026;SG não especificado;2
7023049;062026;COVID-19;1
7023049;062026;SG não especificado;1
7023049;072026;Outro vírus respiratório;5
7023049;072026;SG não especificado;2
7023049;082026;Influenza B;1
7023049;082026;Outro vírus respiratório;1
7023049;082026;SG não especificado;2
7023049;092026;Influenza A;1
7023049;092026;Outro vírus respiratório;3
7023049;102026;COVID-19;1
7023049;102026;Outro vírus respiratório;2
7023049;102026;SG não especificado;2
7023049;112026;Influenza B;2
7023049;112026;Outro vírus respiratório;1
7023049;112026;SG não especificado;1
7023049;122026;Influenza A;2
7023049;122026;Outro vírus respiratório;1
7023049;122026;SG não especificado;4
7023049;132026;Outro vírus respiratório;1
7023049;132026;SG não especificado;2
7023049;142026;Influenza A;1
7023049;142026;Outro vírus respiratório;1
7023049;142026;SG não especificado;4
7023049;152026;Influenza A;1
7023049;152026;SG não especificado;4
7023049;162026;Influenza A;1
7023049;162026;Influenza B;2
7023049;162026;Outro vírus respiratório;1
7023049;162026;SG não especificado;1
7023049;172026;Influenza A;1
7023049;172026;SG não especificado;1
7023049;182026;Influenza A;1
7023049;182026;Influenza B;1
7023049;182026;SG não especificado;5
7023049;192026;Influenza A;1
7023049;192026;Influenza B;1
7023049;192026;SG não especificado;3
7023049;202026;Influenza A;1
7023049;202026;Influenza B;2
7023049;202026;Outro vírus respiratório;1
7023049;202026;SG não especificado;2
7023049;212026;Outro vírus respiratório;3
7023049;212026;SG não especificado;1
7023049;222026;Influenza B;1
7023049;222026;Outro vírus respiratório;1
7023049;222026;SG não especificado;1
7023049;232026;Influenza A;1
7023049;232026;Influenza B;1
7023049;232026;Outro vírus respiratório;6
7023049;242026;Outro vírus respiratório;1
7023049;242026;SG não especificado;1
7023049;252026;Influenza B;2
7023049;252026;SG não especificado;4
7023049;262026;Influenza A;2
7023049;262026;Influenza B;1
7023049;262026;SG não especificado;4
7023049;272026;Influenza A;1
7023049;272026;Influenza B;2
7023049;272026;Outro vírus respiratório;2
7023049;272026;SG não especificado;1
7023049;282026;Influenza B;1
7023049;282026;Outro vírus respiratório;1
7023049;282026;SG não especificado;2
7023049;292026;SG não especificado;1
7023049;302026;Influenza A;1
7023049;302026;Influenza B;1
7023049;302026;Outro vírus respiratório;2
7023049;302026;SG não especificado;5
7023049;312026;Outro vírus respiratório;3
7023049;312026;SG não especificado;3
7023049;322026;Outro vírus respiratório;1
7023049;322026;SG não especificado;3
7023049;332026;SG não especificado;1
7023049;342026;Outro vírus respiratório;2
7023049;342026;SG não especificado;4
7023049;352026;Outro vírus respiratório;2
7023049;352026;SG não especificado;2
